fold,train_acc,val_acc,val_f1,val_loss,best_epoch
1,0.4977707006369427,0.24681933842239187,0.18323037106512338,3.4918200296300057,29
2,0.4801018783826807,0.24203821656050956,0.17458050165681496,3.359396172784696,29
3,0.504297994269341,0.2484076433121019,0.1974362287911756,3.351958071957728,30
4,0.5062082139446036,0.25477707006369427,0.1916168953595424,3.390009330336455,30
5,0.4444444444444444,0.23057324840764332,0.17661274204624586,3.4300076296375055,26
